{
  "model_name": "BIR_with_relevance",
  "query_metrics": {
    "1": {
      "dcg@20": 0.3831633575928892,
      "ndcg@20": 0.37133170427306744,
      "model_scores": [
        0.46845673826810896,
        0.46845673826810896,
        0.46845673826810896,
        0.0,
        0.0,
        0.0,
        0.0,
        0.0,
        0.0,
        0.0,
        0.0,
        0.0,
        0.0,
        0.0,
        0.0,
        0.0,
        0.0,
        0.0,
        0.0,
        0.0
      ]
    },
    "2": {
      "dcg@20": 0.9404229889835988,
      "ndcg@20": 0.5682673516721435,
      "model_scores": [
        0.895907128096278,
        0.10802298531083065,
        0.10802298531083065,
        0.10802298531083065,
        0.10802298531083065,
        0.10802298531083065,
        0.10802298531083065,
        0.10802298531083065,
        0.10802298531083065,
        0.10802298531083065,
        0.10802298531083065,
        0.10802298531083065,
        0.10802298531083065,
        0.10802298531083065,
        0.05002937787079381,
        0.006925375709027168,
        0.0,
        0.0,
        0.0,
        0.0
      ]
    },
    "3": {
      "dcg@20": 0.15229509987318288,
      "ndcg@20": 0.24982375096830986,
      "model_scores": [
        0.5795787999717633,
        0.010203506183616904,
        0.0,
        0.0,
        0.0,
        0.0,
        0.0,
        0.0,
        0.0,
        0.0,
        0.0,
        0.0,
        0.0,
        0.0,
        0.0,
        0.0,
        0.0,
        0.0,
        0.0,
        0.0
      ]
    },
    "4": {
      "dcg@20": 1.7828521683132157,
      "ndcg@20": 0.7454518793701583,
      "model_scores": [
        0.4543582554960868,
        0.4543582554960868,
        0.4543582554960868,
        0.2669871001648066,
        0.2669871001648066,
        0.2669871001648066,
        0.2669871001648066,
        0.2669871001648066,
        0.2669871001648066,
        0.2669871001648066,
        0.2669871001648066,
        0.2669871001648066,
        0.0,
        0.0,
        0.0,
        0.0,
        0.0,
        0.0,
        0.0,
        0.0
      ]
    },
    "5": {
      "dcg@20": 1.5852491364434302,
      "ndcg@20": 0.792026641503769,
      "model_scores": [
        0.5507963300051433,
        0.3460880031390539,
        0.3460880031390539,
        0.3460880031390539,
        0.3460880031390539,
        0.29734859431708455,
        0.25344773568805873,
        0.25344773568805873,
        0.1768553817545829,
        0.1768553817545829,
        0.1768553817545829,
        0.1768553817545829,
        0.14299514936465918,
        0.14299514936465918,
        0.14299514936465918,
        0.14299514936465918,
        0.14299514936465918,
        0.14299514936465918,
        0.0,
        0.0
      ]
    },
    "6": {
      "dcg@20": 1.2706385983906665,
      "ndcg@20": 0.69406510705413,
      "model_scores": [
        0.5680189356157377,
        0.4415475221591536,
        0.4415475221591536,
        0.39395236312647086,
        0.2938511784660163,
        0.2938511784660163,
        0.2938511784660163,
        0.16013731977048587,
        0.12647141345658403,
        0.12647141345658403,
        0.12647141345658403,
        0.12647141345658403,
        0.12647141345658403,
        0.026370228796129463,
        0.006080061203989573,
        0.0,
        0.0,
        0.0,
        0.0,
        0.0
      ]
    },
    "7": {
      "dcg@20": 4.175831618993512,
      "ndcg@20": 0.8477917634914183,
      "model_scores": [
        1.7062283818529582,
        1.609793119437128,
        1.001498192709096,
        0.8347754441975452,
        0.7011199814095779,
        0.7011199814095779,
        0.6107745866990386,
        0.5338526193448169,
        0.4745187179629805,
        0.41454207238234425,
        0.41454207238234425,
        0.41454207238234425,
        0.41454207238234425,
        0.3198239848189402,
        0.3198239848189402,
        0.3198239848189402,
        0.3198239848189402,
        0.3198239848189402,
        0.2416836707349437,
        0.2416836707349437
      ]
    },
    "8": {
      "dcg@20": 0.0,
      "ndcg@20": 0.0,
      "model_scores": [
        0.0,
        0.0,
        0.0,
        0.0,
        0.0,
        0.0,
        0.0,
        0.0,
        0.0,
        0.0,
        0.0,
        0.0,
        0.0,
        0.0,
        0.0,
        0.0,
        0.0,
        0.0,
        0.0,
        0.0
      ]
    },
    "9": {
      "dcg@20": 0.8472965554814058,
      "ndcg@20": 0.6537977421310205,
      "model_scores": [
        0.3136191229720017,
        0.3136191229720017,
        0.3136191229720017,
        0.14438300276528615,
        0.14438300276528615,
        0.14438300276528615,
        0.14438300276528615,
        0.14438300276528615,
        0.14438300276528615,
        0.14044677205619138,
        0.0,
        0.0,
        0.0,
        0.0,
        0.0,
        0.0,
        0.0,
        0.0,
        0.0,
        0.0
      ]
    },
    "10": {
      "dcg@20": 0.874230966753394,
      "ndcg@20": 0.908878328502097,
      "model_scores": [
        0.24845414882459602,
        0.24845414882459602,
        0.24845414882459602,
        0.24845414882459602,
        0.24845414882459602,
        0.24845414882459602,
        0.24845414882459602,
        0.24845414882459602,
        0.24845414882459602,
        0.24845414882459602,
        0.06496266978005164,
        0.0,
        0.0,
        0.0,
        0.0,
        0.0,
        0.0,
        0.0,
        0.0,
        0.0
      ]
    },
    "11": {
      "dcg@20": 2.3155543012478446,
      "ndcg@20": 0.7845274550695,
      "model_scores": [
        0.5604129150900892,
        0.5604129150900892,
        0.5164862646331412,
        0.3730503766636613,
        0.3730503766636613,
        0.3730503766636613,
        0.3730503766636613,
        0.3730503766636613,
        0.3730503766636613,
        0.3730503766636613,
        0.3730503766636613,
        0.3730503766636613,
        0.3730503766636613,
        0.25590360660860906,
        0.25590360660860906,
        0.25590360660860906,
        0.0685410681821812,
        0.003968200538612199,
        0.003968200538612199,
        0.003968200538612199
      ]
    },
    "12": {
      "dcg@20": 5.086650708567764,
      "ndcg@20": 0.7713667761724504,
      "model_scores": [
        1.2311973323399703,
        1.2250989484027062,
        1.1956488425968121,
        1.1956488425968121,
        1.186416725665362,
        1.1247985745404923,
        1.039721247520941,
        1.010271141715047,
        1.0041727577777828,
        0.4809946108408216,
        0.44151384300365404,
        0.40710481800342324,
        0.30600351764447475,
        0.30600351764447475,
        0.2808266095756942,
        0.2808266095756942,
        0.2808266095756942,
        0.2808266095756942,
        0.2808266095756942,
        0.2808266095756942
      ]
    },
    "13": {
      "dcg@20": 1.618589213972896,
      "ndcg@20": 0.5577526333059528,
      "model_scores": [
        1.1803674017435604,
        1.1803674017435604,
        0.2072395481438617,
        0.2072395481438617,
        0.2072395481438617,
        0.2072395481438617,
        0.20451161139215995,
        0.20451161139215995,
        0.20451161139215995,
        0.17685374509773208,
        0.11214195302990197,
        0.11214195302990197,
        0.054170693779448886,
        0.002727936751701753,
        0.002727936751701753,
        0.002727936751701753,
        0.002727936751701753,
        0.002727936751701753,
        0.002727936751701753,
        0.0
      ]
    },
    "14": {
      "dcg@20": 1.567858121673062,
      "ndcg@20": 0.9491335616483693,