{
  "model_name": "BM25",
  "query_metrics": {
    "1": {
      "dcg@20": 20.87063115834804,
      "ndcg@20": 1.0,
      "model_scores": [
        3.9181469022084423,
        3.453596345297301,
        3.02041616556844,
        2.832343016856573,
        2.829884266523698,
        2.775059349595328,
        2.676835897226686,
        2.270181088988667,
        2.2202440908038823,
        2.2181828801165766,
        2.178381881612234,
        2.1523656556990907,
        2.082752172968023,
        1.9341898418844965,
        1.7589816081821978,
        1.7481994997926724,
        1.7378335832023581,
        1.7289342291158905,
        1.700819518748231,
        1.6335961291220573
      ]
    },
    "2": {
      "dcg@20": 22.376482039951394,
      "ndcg@20": 1.0,
      "model_scores": [
        3.9408994805853155,
        3.7055649776469046,
        3.3527957944748517,
        2.7849273241027026,
        2.6844832194160246,
        2.653504562982546,
        2.603563371927283,
        2.512810509713979,
        2.5032477594331928,
        2.3807351228867324,
        2.3730969783072235,
        2.3714407546297065,
        2.3587593086670253,
        2.3513023809398272,
        2.3102789074257615,
        2.2731922583223385,
        2.236793392949335,
        2.1940697427948317,
        2.0585380041105172,
        1.9364193184287402
      ]
    },
    "3": {
      "dcg@20": 16.89044419220742,
      "ndcg@20": 1.0,
      "model_scores": [
        3.0872026858605754,
        2.9282839979678115,
        2.8338581603379804,
        2.1960222398762106,
        2.1478885069037066,
        2.113674103310058,
        2.0511911889669747,
        1.9068002650975444,
        1.8844175528066542,
        1.8713655814857375,
        1.7544895076949305,
        1.7322104948204384,
        1.459592558185334,
        1.4215965132839048,
        1.4006997345968242,
        1.3891531391110346,
        1.3316192658588257,
        1.3243619767677468,
        1.3171833629582044,
        1.3171833629582044
      ]
    },
    "4": {
      "dcg@20": 16.956289968749488,
      "ndcg@20": 1.0,
      "model_scores": [
        2.6945272692273563,
        2.67042580239601,
        2.531553279020253,
        2.3364551997154357,
        2.2353876369028063,
        2.2085177000460696,
        2.1723770939505,
        2.097749538347207,
        2.097395230203801,
        2.013241814573631,
        1.9660483471022296,
        1.8833523981623548,
        1.8368584342006011,
        1.7959744670493893,
        1.7092869125547203,
        1.6188394977276592,
        1.5004492298497845,
        1.459592558185334,
        1.4122185842565282,
        1.3591028685965447
      ]
    },
    "5": {
      "dcg@20": 37.650850712471176,
      "ndcg@20": 1.0,
      "model_scores": [
        6.398662110957411,
        6.075319131000592,
        5.407086779583409,
        5.3051186195708295,
        5.042483549792056,
        5.03802980039638,
        4.873663396390118,
        4.821992094247613,
        4.460404807230829,
        4.368807655167609,
        4.247725419134914,
        3.982511789563044,
        3.9428228274617787,
        3.715021038877306,
        3.3960424444196784,
        3.3082956125416443,
        3.174101259718667,
        2.998029503185524,
        2.9323969311335807,
        2.8715004346379933
      ]
    },
    "6": {
      "dcg@20": 33.62928101674285,
      "ndcg@20": 1.0,
      "model_scores": [
        5.835146191906359,
        5.59959500224079,
        5.545676157305708,
        5.27621572030054,
        4.298173433518958,
        4.129881577438374,
        4.051069241524766,
        3.9777526283836857,
        3.8304912278949463,
        3.754809421900312,
        3.532476178080755,
        3.5292428378616796,
        3.5179095774634557,
        2.916759180141891,
        2.831900493517736,
        2.8202982566841306,
        2.615600012650987,
        2.497246786897802,
        2.4208281602498416,
        2.334581773726177
      ]
    },
    "7": {
      "dcg@20": 57.35412051849386,
      "ndcg@20": 1.0,
      "model_scores": [
        14.763594444410465,
        14.330959858536945,
        9.380554322031482,
        8.156222890747296,
        6.2068221442395135,
        5.822881337430591,
        5.093932573022668,
        4.385371291328706,
        4.19762453644156,
        3.4420530705753607,
        3.4244766919359853,
        3.361243650654131,
        3.2402438809546625,
        3.147435331102094,
        2.8444837879432727,
        2.815747955216584,
        2.812228738637187,
        2.802384172257714,
        2.800061073375391,
        2.6777688133141306
      ]
    },
    "8": {
      "dcg@20": 43.02767697831593,
      "ndcg@20": 1.0,
      "model_scores": [
        8.547112968797556,
        6.8322799804935315,
        6.543551917556462,
        5.772268719319019,
        5.612686415732931,
        5.5207955709198355,
        5.209218027398767,
        5.032445033588775,
        4.893182832041405,
        4.716219657897641,
        4.453438132612107,
        4.144210582902955,
        3.990797230777896,
        3.9290853293383563,
        3.8600867258961573,
        3.66014471676175,
        3.6119917250372264,
        3.186002465500227,
        3.1788891285921115,
        3.1609029862886615
      ]
    },
    "9": {
      "dcg@20": 23.042482445105534,
      "ndcg@20": 1.0,
      "model_scores": [
        4.449250651016274,
        4.0708828060396565,
        3.7895613653803037,
        3.446546881950158,
        2.753144702617599,
        2.741870262048785,
        2.532721082545928,
        2.420310200654776,
        2.3256205724891226,
        2.13535111544938,
        2.1125964037565064,
        2.0319042336600135,
        2.021187058186697,
        2.008647504584832,
        2.007882722908719,
        1.9796615676186826,
        1.9565633632167647,
        1.9069234410924707,
        1.9064287428469726,
        1.8647434451556402
      ]
    },
    "10": {
      "dcg@20": 10.525548681646246,
      "ndcg@20": 1.0,
      "model_scores": [
        2.097395230203801,
        1.9228117248247383,
        1.8833523981623548,
        1.412278685730895,
        1.3951604947010838,
        1.36763021548489,
        1.3620442264800223,
        1.3021809199135268,
        1.1683286878588914,
        1.0200827869835305,
        0.9907289397581189,
        0.9651398558724597,
        0.8603134411589157,
        0.8319178809457658,
        0.7214543170476555,
        0.5964964463899421,
        0.5916583563976066,
        0.5768330247595953,
        0.5627324956596008,
        0.5626999463323915
      ]
    },
    "11": {
      "dcg@20": 22.231282191683462,
      "ndcg@20": 1.0,
      "model_scores": [
        4.281483882215147,
        3.903902581237555,
        3.1217933557006368,
        3.029574405565468,
        3.0211160934824113,
        3.004041606735659,
        2.629341982680839,
        2.564540085862051,
        2.3553163762634464,
        2.3218638164042824,
        2.230708048344815,
        2.097395230203801,
        2.030523448721634,
        1.890118452843737,
        1.8833523981623548,
        1.8683997247012156,
        1.7583107658673196,
        1.7180707182740331,
        1.7136343296894854,
        1.7073177314781642
      ]
    },
    "12": {
      "dcg@20": 27.65257627071607,
      "ndcg@20": 1.0,
      "model_scores": [
        6.494362899619372,
        5.632042658327605,
        4.444928081981397,
        3.9605038573530296,
        3.845224213057073,
        3.1170957734678053,
        3.0164076873441696,
        2.3764412823663457,
        2.258678644836256,
        2.1256458625991375,
        2.112138705102681,
        2.073353261925194,
        1.9098468250397906,
        1.8373176712246573,
        1.775754604207255,
        1.7606058007131709,
        1.7494236510571717,
        1.6885984930497806,
        1.5973824010408433,
        1.5961621238640933
      ]
    },
    "13": {
      "dcg@20": 26.82703879717408,
      "ndcg@20": 1.0,