{
  "model_name": "ExtendedBIR_no_relevance",
  "query_metrics": {
    "1": {
      "dcg@20": 27.428538333744203,
      "ndcg@20": 1.0,
      "model_scores": [
        5.694961453343008,
        4.8714447253930455,
        4.382625834060455,
        3.7966409688953386,
        3.698279386194829,
        3.4049880513952746,
        3.121743229355435,
        2.9273319520179224,
        2.924541254029113,
        2.9209532137577865,
        2.5318117221697554,
        2.5091416731582195,
        2.2368459685769153,
        1.955275565330361,
        1.955275565330361,
        1.955275565330361,
        1.955275565330361,
        1.955275565330361,
        1.955275565330361,
        1.955275565330361
      ]
    },
    "2": {
      "dcg@20": 26.543237960069114,
      "ndcg@20": 1.0,
      "model_scores": [
        5.392187187776179,
        4.736277383297139,
        3.403308767184374,
        3.3767688701179597,
        3.3104017903643865,
        3.290289765730129,
        3.280306139961856,
        3.027150286121271,
        2.9489763450802635,
        2.935591756090013,
        2.6712116088456908,
        2.587090396071357,
        2.4376010330316102,
        2.3231707018362107,
        2.2538682698747188,
        2.1868707599745707,
        2.147451764853823,
        2.120659452824009,
        2.1021527715816477,
        2.048250073341476
      ]
    },
    "3": {
      "dcg@20": 18.386301363362143,
      "ndcg@20": 1.0,
      "model_scores": [
        3.7606030780872923,
        3.326901583562861,
        3.1243218735639045,
        2.812247875662319,
        2.3544791402561325,
        2.054339174516085,
        1.9304443773961395,
        1.9304443773961395,
        1.8638926732373455,
        1.8200205906262785,
        1.805316341748304,
        1.7708072511410173,
        1.6777218290446894,
        1.4442530733986434,
        1.312859927915489,
        1.2196832555703914,
        1.2154782599937404,
        1.2154782599937404,
        1.2154782599937404,
        1.2154782599937404
      ]
    },
    "4": {
      "dcg@20": 18.685304396067707,
      "ndcg@20": 1.0,
      "model_scores": [
        3.853704664596317,
        3.270131522022467,
        3.0932669089166343,
        3.0932669089166343,
        2.356952294454144,
        2.217885986753156,
        1.953293388844922,
        1.9268523322981586,
        1.9091969872442858,
        1.774477552713654,
        1.6823925479375854,
        1.649423823846487,
        1.6327929646685424,
        1.460449741176248,
        1.4503293968255044,
        1.3667384462288963,
        1.3496606524745598,
        1.3289233996701073,
        1.2800211136593551,
        1.2154782599937404
      ]
    },
    "5": {
      "dcg@20": 43.31581039124228,
      "ndcg@20": 1.0,
      "model_scores": [
        8.562713088233773,
        6.493582812255398,
        6.31221979633314,
        6.150300338738946,
        5.676107271479916,
        5.19486624980432,
        5.0497758370665125,
        5.025773199172626,
        4.776359776663706,
        4.6533812284974605,
        4.531104726744113,
        4.456675699601848,
        4.379502728209105,
        4.20814653088876,
        4.108803433763595,
        4.104538015197139,
        4.035818880669342,
        3.709792798006251,
        3.5042600473560666,
        3.2176302203709786
      ]
    },
    "6": {
      "dcg@20": 49.03705964858486,
      "ndcg@20": 1.0,
      "model_scores": [
        9.465190749331123,
        9.305054635650208,
        7.431849149268428,
        6.354777617101011,
        6.269610864691286,
        5.798405788945395,
        5.541837105927318,
        5.420089437889548,
        4.996402277681131,
        4.92778928412597,
        4.813428452901087,
        4.565491640998119,
        4.476210896650571,
        4.4305355913292646,
        4.336127516017193,
        3.9973909358409148,
        3.9239415755452627,
        3.681740120979611,
        3.6472093442706024,
        3.318631449766351
      ]
    },
    "7": {
      "dcg@20": 78.61699492933339,
      "ndcg@20": 1.0,
      "model_scores": [
        21.18138462217033,
        20.165089501236906,
        16.729820621633593,
        10.709888179018867,
        8.244606462319695,
        6.153853546204826,
        5.7765827865341635,
        5.560885115104109,
        5.229719124995923,
        3.902455586794274,
        3.674871619215539,
        3.527052974311907,
        3.4446176990334476,
        3.4446176990334476,
        3.3521992968479584,
        3.3521992968479584,
        3.3521992968479584,
        3.3521992968479584,
        3.1957043255327195,
        3.193473887492051
      ]
    },
    "8": {
      "dcg@20": 45.455612783218015,
      "ndcg@20": 1.0,
      "model_scores": [
        7.297187834832664,
        7.238338114449677,
        7.067619335987715,
        6.326498787742246,
        6.148128491653925,
        6.099329546085688,
        6.029042130602665,
        5.642978092317172,
        5.505299667523193,
        5.380604747258075,
        5.083736228857699,
        4.808276492882987,
        4.763127194572309,
        4.743723840222852,
        4.443037230026799,
        3.9934265097622648,
        3.9252156283788384,
        3.5338096679938573,
        3.5314518651004865,
        3.399953845205819
      ]
    },
    "9": {
      "dcg@20": 26.267341424090905,
      "ndcg@20": 1.0,
      "model_scores": [
        5.197132465381439,
        4.028655406166952,
        3.8732285232627746,
        3.5601604889963214,
        3.520861822252777,
        3.404995410831403,
        3.158990185956751,
        2.947834373626087,
        2.931675666739883,
        2.816358789446298,
        2.6222678585761345,
        2.559362967715209,
        2.4813754004846156,
        2.4372067831611304,
        2.4123654018932528,
        2.361655436397541,
        2.3002326408762004,
        2.205950859701978,
        2.188099879859148,
        2.188099879859148
      ]
    },
    "10": {
      "dcg@20": 14.055218258025043,
      "ndcg@20": 1.0,
      "model_scores": [
        3.853704664596317,
        2.9519589102692008,
        2.350795074051123,
        1.9268523322981586,
        1.567196716034082,
        1.567196716034082,
        1.4104770444306738,
        1.4104770444306738,
        1.1753975370255616,
        0.9634261661490793,
        0.9634261661490793,
        0.9403180296204495,
        0.783598358017041,
        0.7707409329192635,
        0.7707409329192635,
        0.6716557354431781,
        0.6422841107660527,
        0.6422841107660527,
        0.5505292377994738,
        0.5505292377994738
      ]
    },
    "11": {
      "dcg@20": 28.79346088238566,
      "ndcg@20": 1.0,
      "model_scores": [
        5.142564097524611,
        4.6904862867524155,
        4.639900363374952,
        4.043974800167005,
        3.853704664596317,
        3.793630387801118,
        3.4512370310828624,
        3.329190861772248,
        3.0553383867151536,
        3.0044299969413686,
        2.875869982243369,
        2.823336816347436,
        2.815317928970305,
        2.739439043904109,
        2.54367640845023,
        2.5158392956260958,
        2.469752737601951,
        2.395829066753672,
        2.395829066753672,
        2.395829066753672
      ]
    },
    "12": {
      "dcg@20": 33.86190928585834,
      "ndcg@20": 1.0,
      "model_scores": [
        9.739212462528048,
        6.991185995194507,
        6.411316738142734,
        4.167871582620739,
        3.9476027913675367,
        3.505677505528217,
        3.4853289318498524,
        2.8873166771043044,
        2.67596487963488,
        2.3319342421994653,
        2.1522320178099186,
        1.86657234420675,
        1.699169796334456,
        1.678821222656091,
        1.5648263333034929,
        1.5198669495684862,
        1.4858633053276666,
        1.4581640431013625,
        1.420387892350377,
        1.4049488608173464
      ]
    },
    "13": {
      "dcg@20": 37.23717092130205,
      "ndcg@20": 1.0,