{
  "model_name": "ExtendedBIR_with_relevance",
  "query_metrics": {
    "1": {
      "dcg@20": 1.2119131983851053,
      "ndcg@20": 0.3367900213610346,
      "model_scores": [
        1.130722819777041,
        0.7538152131846939,
        0.22614456395540822,
        0.0,
        0.0,
        0.0,
        0.0,
        0.0,
        0.0,
        0.0,
        0.0,
        0.0,
        0.0,
        0.0,
        0.0,
        0.0,
        0.0,
        0.0,
        0.0,
        0.0
      ]
    },
    "2": {
      "dcg@20": 0.555084240585065,
      "ndcg@20": 0.5214735516395288,
      "model_scores": [
        0.42124296975132175,
        0.1196848646619275,
        0.1196848646619275,
        0.05984243233096375,
        0.05984243233096375,
        0.05984243233096375,
        0.04488182424822281,
        0.04488182424822281,
        0.04488182424822281,
        0.04488182424822281,
        0.035905459398578254,
        0.03146098394428233,
        0.029921216165481875,
        0.025646756713270175,
        0.017952729699289127,
        0.004543612025576495,
        0.0,
        0.0,
        0.0,
        0.0
      ]
    },
    "3": {
      "dcg@20": 0.04859309543603802,
      "ndcg@20": 0.6143158372531551,
      "model_scores": [
        0.07549030378319943,
        0.0038560666922781827,
        0.0,
        0.0,
        0.0,
        0.0,
        0.0,
        0.0,
        0.0,
        0.0,
        0.0,
        0.0,
        0.0,
        0.0,
        0.0,
        0.0,
        0.0,
        0.0,
        0.0,
        0.0
      ]
    },
    "4": {
      "dcg@20": 1.0529177457242882,
      "ndcg@20": 0.7695300218616268,
      "model_scores": [
        0.6578911557555249,
        0.6578911557555249,
        0.52791567926172,
        0.3120528326731631,
        0.26395783963086,
        0.13197891981543,
        0.13197891981543,
        0.105583135852344,
        0.08798594654361998,
        0.08798594654361998,
        0.07541652560881713,
        0.07541652560881713,
        0.0704883381166634,
        0.04750744946426691,
        0.0,
        0.0,
        0.0,
        0.0,
        0.0,
        0.0
      ]
    },
    "5": {
      "dcg@20": 1.1808501238661715,
      "ndcg@20": 0.6317712240727701,
      "model_scores": [
        0.562572821597379,
        0.34308795285635807,
        0.21839642556557046,
        0.19353870721559954,
        0.17654020194715786,
        0.17050986264848128,
        0.1463509774587734,
        0.1463509774587734,
        0.1446559165248889,
        0.13624494409699126,
        0.12788239698636095,
        0.12195914788231116,
        0.12195914788231116,
        0.12102428497742451,
        0.10899595527759302,
        0.09802512938753087,
        0.08577198821408952,
        0.08577198821408952,
        0.061361605524931424,
        0.05449797763879651
      ]
    },
    "6": {
      "dcg@20": 1.9106265639519235,
      "ndcg@20": 0.7568103485273878,
      "model_scores": [
        0.9347016470995662,
        0.6412223654216105,
        0.560898982563605,
        0.5532207350336599,
        0.5381512330344401,
        0.5122430448486951,
        0.46469602024700013,
        0.2804692687830287,
        0.21035195158727152,
        0.2015881104948057,
        0.09852429961110154,
        0.08682692410867691,
        0.07302175347865292,
        0.0671960368316019,
        0.0671960368316019,
        0.04031762209896115,
        0.037210094617274724,
        0.0347823713614952,
        0.03359801841580095,
        0.0
      ]
    },
    "7": {
      "dcg@20": 10.358099544870043,
      "ndcg@20": 0.6803128130430052,
      "model_scores": [
        4.336548721078089,
        3.9439388546215515,
        3.816251037454327,
        1.5478413203359263,
        1.3361767016952562,
        1.1631844599480141,
        1.0478024967934667,
        0.7971293487975601,
        0.5898417880273228,
        0.5898417880273228,
        0.5898417880273228,
        0.5898417880273228,
        0.4744824582304963,
        0.4727917366900744,
        0.43565380741515847,
        0.40209234679624106,
        0.40209234679624106,
        0.3806596749872468,
        0.3399886114625,
        0.3377943313692583
      ]
    },
    "8": {
      "dcg@20": 0.03948203303105935,
      "ndcg@20": 0.7299483004604449,
      "model_scores": [
        0.07556196020718871,
        0.0651579948326146,
        0.002115058563539024,
        0.0,
        0.0,
        0.0,
        0.0,
        0.0,
        0.0,
        0.0,
        0.0,
        0.0,
        0.0,
        0.0,
        0.0,
        0.0,
        0.0,
        0.0,
        0.0,
        0.0
      ]
    },
    "9": {
      "dcg@20": 0.7376509608703167,
      "ndcg@20": 0.4810868117594682,
      "model_scores": [
        0.530483169372089,
        0.487758921105375,
        0.22103465390503704,
        0.11051732695251852,
        0.09336454896000033,
        0.07002341172000025,
        0.07002341172000025,
        0.07002341172000025,
        0.054608975922663026,
        0.04835426811395982,
        0.04668227448000017,
        0.035011705860000124,
        0.0,
        0.0,
        0.0,
        0.0,
        0.0,
        0.0,
        0.0,
        0.0
      ]
    },
    "10": {
      "dcg@20": 0.5241411500299287,
      "ndcg@20": 0.4888985165197022,
      "model_scores": [
        0.4912703297693577,
        0.24563516488467885,
        0.12281758244233942,
        0.12281758244233942,
        0.09825406595387154,
        0.09825406595387154,
        0.08187838829489294,
        0.08187838829489294,
        0.07018147568133681,
        0.07018147568133681,
        0.02592579111079371,
        0.0,
        0.0,
        0.0,
        0.0,
        0.0,
        0.0,
        0.0,
        0.0,
        0.0
      ]
    },
    "11": {
      "dcg@20": 2.6395380321169286,
      "ndcg@20": 0.654997499036048,
      "model_scores": [
        1.2171805924591053,
        0.7656608828369834,
        0.7546211034717732,
        0.7376354246091668,
        0.5081458914804134,
        0.48805701053058564,
        0.4868722369836421,
        0.3738498774155298,
        0.3688177123045834,
        0.2950541698436667,
        0.1844088561522917,
        0.1844088561522917,
        0.14752708492183336,
        0.14752708492183336,
        0.12293923743486111,
        0.10537648922988097,
        0.10537648922988097,
        0.055976300935435,
        0.00638849577660468,
        0.00212949859220156
      ]
    },
    "12": {
      "dcg@20": 5.551918472565061,
      "ndcg@20": 0.4894354286437352,
      "model_scores": [
        2.7882338063603718,
        2.571937927515274,
        1.9003206398338286,
        0.797820179954599,
        0.78831265949398,
        0.7724158741625508,
        0.7333648127871997,
        0.6022817221891712,
        0.4432223801087514,
        0.4229053508432057,
        0.3573505755594496,
        0.25322872240358724,
        0.2238106780567477,
        0.20914660858026607,
        0.17132687285950493,
        0.16055841687733804,
        0.14920711870449843,
        0.14920711870449843,
        0.11190533902837385,
        0.11190533902837385
      ]
    },
    "13": {
      "dcg@20": 1.817423371957388,
      "ndcg@20": 0.7654834199727035,
      "model_scores": [
        1.5635621208551882,
        0.35901122884240727,
        0.34159112344432085,
        0.3377519070683123,
        0.2937966386576957,
        0.2714652317552615,
        0.2682523695251812,
        0.2489356500009169,
        0.24239285283499457,
        0.19160883537512946,
        0.1556318285522747,
        0.15336832008018206,
        0.14830705800730865,
        0.05474538153575127,
        0.0031044903432062253,
        0.0031044903432062253,
        0.00206966022880415,
        0.0011289055793477186,
        0.0,
        0.0
      ]
    },
    "14": {
      "dcg@20": 3.195743538122265,
      "ndcg@20": 0.7389683299981888,