{
  "model_name": "LM_Dirichlet",
  "query_metrics": {
    "1": {
      "dcg@20": 6.408076019656603e-14,
      "ndcg@20": 0.7721244434598146,
      "model_scores": [
        2.918164335570517e-14,
        2.3971582659748988e-14,
        2.3094486398147287e-14,
        1.4672124906888865e-14,
        1.2602272273675744e-14,
        1.0924414393692186e-14,
        9.805629425930544e-15,
        9.638812954593227e-15,
        8.272195460805075e-15,
        7.750181581487522e-15,
        7.0784195625467495e-15,
        3.4949797693034637e-15,
        3.3452665543366305e-15,
        3.329338547378392e-15,
        3.2340497611267306e-15,
        2.77162480827855e-15,
        2.724261514686293e-15,
        2.674334410391174e-15,
        2.5453362717665845e-15,
        2.4913829762532615e-15
      ]
    },
    "2": {
      "dcg@20": 1.5381203410873965e-31,
      "ndcg@20": 0.4094970512095136,
      "model_scores": [
        2.051929118220641e-31,
        4.66001130776068e-32,
        7.249500070808948e-33,
        5.3428937845393175e-33,
        3.81099205864459e-33,
        7.693980883557101e-34,
        6.045500225472926e-34,
        5.772314875603817e-34,
        4.493090428999768e-34,
        4.028267001321418e-34,
        3.5393442596922956e-34,
        2.555041836456835e-34,
        1.8059844686981296e-34,
        1.2425034896924893e-34,
        1.1774944424035562e-34,
        7.70207250990105e-35,
        7.29831337863807e-35,
        6.59963703715611e-35,
        6.273771255711776e-35,
        5.547682802081506e-35
      ]
    },
    "3": {
      "dcg@20": 1.700985758284515e-11,
      "ndcg@20": 0.6029496391792388,
      "model_scores": [
        6.962125438837733e-12,
        5.7492287105749025e-12,
        5.142848918581348e-12,
        3.928280806540435e-12,
        3.244258728346107e-12,
        2.7129211350820703e-12,
        2.237145603031738e-12,
        2.0488382202709953e-12,
        2.0211099652874125e-12,
        1.933303302056734e-12,
        6.91112018349358e-13,
        5.898711279232371e-13,
        4.58229310566292e-13,
        4.3264773763349403e-13,
        3.5188492313850337e-13,
        2.888041614476372e-13,
        2.0271054429378165e-13,
        1.7028552967397788e-13,
        1.1957582030945718e-13,
        1.1364729300240201e-13
      ]
    },
    "4": {
      "dcg@20": 1.8405844559657713e-13,
      "ndcg@20": 0.47396036927291174,
      "model_scores": [
        4.0500249900073005e-13,
        4.586960726584657e-14,
        3.09384463722853e-14,
        2.4274311247443285e-14,
        2.357064099888864e-14,
        1.927272910436661e-14,
        1.197923475166956e-14,
        7.230878167844165e-15,
        6.413137430154375e-15,
        5.558463875230507e-15,
        4.921385906952326e-15,
        4.386129883245106e-15,
        3.325327250889317e-15,
        3.3032721257739563e-15,
        2.6254847556766405e-15,
        2.5546998792899024e-15,
        2.486925001858857e-15,
        2.2914302007769753e-15,
        2.238565160636333e-15,
        2.2157249651720185e-15
      ]
    },
    "5": {
      "dcg@20": 1.1030552921521162e-28,
      "ndcg@20": 0.2871089534566879,
      "model_scores": [
        3.8221857773343826e-28,
        6.384546741783176e-29,
        9.515521758262601e-30,
        9.25488034293758e-31,
        5.543067011788173e-31,
        2.78701246534235e-31,
        2.5603029251097416e-31,
        9.157740350015794e-32,
        8.839772236534373e-32,
        4.4259417688584595e-32,
        3.840322324695713e-32,
        2.875338102500343e-32,
        2.7006367397098026e-32,
        2.2529360125823348e-32,
        6.440095904993615e-33,
        6.375886662306286e-33,
        5.520052794381046e-33,
        4.8675434458649804e-33,
        3.254230887978269e-33,
        3.051444032737083e-33
      ]
    },
    "6": {
      "dcg@20": 4.1756188407101776e-15,
      "ndcg@20": 0.5864832511097471,
      "model_scores": [
        1.144612845470538e-14,
        1.9728727223635144e-15,
        3.0045641049113086e-16,
        1.5548525266239972e-16,
        7.676697445791429e-17,
        6.977715088214301e-17,
        6.7961740663026e-17,
        4.6241397330802236e-17,
        2.00908360667228e-17,
        1.4666881942704216e-17,
        1.156774085479825e-17,
        1.1476704021935106e-17,
        1.1412260309469927e-17,
        2.951457137985202e-18,
        2.693935029547727e-18,
        1.6382795652449787e-18,
        9.462707231193734e-19,
        7.463154825478459e-19,
        5.926266508783207e-19,
        5.456450953824118e-19
      ]
    },
    "7": {
      "dcg@20": 0.0,
      "ndcg@20": 0.0,
      "model_scores": [
        0.0,
        0.0,
        0.0,
        0.0,
        0.0,
        0.0,
        0.0,
        0.0,
        0.0,
        0.0,
        0.0,
        0.0,
        0.0,
        0.0,
        0.0,
        0.0,
        0.0,
        0.0,
        0.0,
        0.0
      ]
    },
    "8": {
      "dcg@20": 0.0,
      "ndcg@20": 0.0,
      "model_scores": [
        0.0,
        0.0,
        0.0,
        0.0,
        0.0,
        0.0,
        0.0,
        0.0,
        0.0,
        0.0,
        0.0,
        0.0,
        0.0,
        0.0,
        0.0,
        0.0,
        0.0,
        0.0,
        0.0,
        0.0
      ]
    },
    "9": {
      "dcg@20": 1.4569284869071848e-30,
      "ndcg@20": 0.3543087932640912,
      "model_scores": [
        1.053179413220184e-30,
        1.0392412984630077e-30,
        1.2861273142204338e-31,
        1.0131665237952965e-31,
        8.161914231748437e-32,
        3.7761777861674777e-32,
        2.9039644845257167e-32,
        1.1619024708762674e-32,
        1.1008069554453977e-32,
        1.0963099834537387e-32,
        9.736526345525386e-33,
        7.932957167981294e-33,
        7.720324201037356e-33,
        7.381768697661397e-33,
        6.992082403135992e-33,
        5.613661283383926e-33,
        4.793607660503555e-33,
        4.710388808977468e-33,
        3.983985190100523e-33,
        3.857738983448977e-33
      ]
    },
    "10": {
      "dcg@20": 4.390486286575356e-05,
      "ndcg@20": 0.3055120637227024,
      "model_scores": [
        9.408012079974047e-05,
        5.896163748894729e-06,
        3.193362153068435e-06,
        1.8462476481258558e-06,
        1.6618737228335157e-06,
        1.5785663808405868e-06,
        1.5756006924390313e-06,
        1.2367078220143843e-06,
        1.2036854901330357e-06,
        1.192099873530354e-06,
        1.0989081136559784e-06,
        1.0711847424146128e-06,
        1.0533260171806166e-06,
        1.0295343054449863e-06,
        1.0232737734836618e-06,
        9.955898144896396e-07,
        9.922642048128475e-07,
        9.59440608571021e-07,
        8.96459677056283e-07,
        8.324261713517178e-07
      ]
    },
    "11": {
      "dcg@20": 1.32412946474627e-19,
      "ndcg@20": 0.7025350195169007,
      "model_scores": [
        1.0904389978099307e-19,
        5.1316034720210116e-20,
        4.1694272120409375e-20,
        1.6832624085140574e-20,
        1.3942449820819946e-20,
        1.314306476412041e-20,
        6.228877537996189e-21,
        5.4282273710892804e-21,
        4.443920683440614e-21,
        3.697496702044943e-21,
        2.6698942131830575e-21,
        2.570915290819373e-21,
        2.437317236197207e-21,
        2.3956839922246444e-21,
        2.3918969250776645e-21,
        2.3625937420733432e-21,
        2.154462714336274e-21,
        1.8223296372037335e-21,
        1.4042238913594527e-21,
        1.2025013619824518e-21
      ]
    },
    "12": {
      "dcg@20": 2.1417968422293885e-24,
      "ndcg@20": 0.5804425725046338,