{
  "model_name": "LM_JelinekMercer",
  "query_metrics": {
    "1": {
      "dcg@20": 4.8989373731608896e-14,
      "ndcg@20": 0.7608972971074203,
      "model_scores": [
        1.8914938983151104e-14,
        1.8268018507874934e-14,
        1.586102374802192e-14,
        1.0172698714188298e-14,
        9.468458320615392e-15,
        8.119527177408596e-15,
        7.554093107823897e-15,
        6.3886439371314e-15,
        6.06897776968306e-15,
        5.5024722227394876e-15,
        5.135030349955339e-15,
        4.181778089374256e-15,
        2.6735240617301883e-15,
        2.626986008747777e-15,
        2.6189249878990164e-15,
        2.444019167205045e-15,
        2.1957546241335674e-15,
        2.129742870593536e-15,
        2.06858530356047e-15,
        1.8581198982816566e-15
      ]
    },
    "2": {
      "dcg@20": 2.8371555009582655e-32,
      "ndcg@20": 0.5293634932015776,
      "model_scores": [
        7.73220117953037e-32,
        1.2715897905708593e-32,
        5.036061220759555e-33,
        4.630251109519946e-33,
        3.1615879024356976e-33,
        9.920184306716823e-34,
        4.517696028188052e-34,
        4.430520184623749e-34,
        4.187608736878962e-34,
        3.4075119560923074e-34,
        3.248958012148965e-34,
        2.894725853657627e-34,
        1.9995696077265284e-34,
        1.7799762092127518e-34,
        1.349995288199602e-34,
        1.2769438579575028e-34,
        1.2181018338937312e-34,
        1.1842086871416585e-34,
        1.0416006544685513e-34,
        8.741962280448142e-35
      ]
    },
    "3": {
      "dcg@20": 4.319478411403564e-12,
      "ndcg@20": 0.5993296199650008,
      "model_scores": [
        1.2494077619533275e-12,
        1.239074112974388e-12,
        1.0728119526379398e-12,
        8.995957212814189e-13,
        8.535917597175982e-13,
        8.1380991050279e-13,
        7.855674808613619e-13,
        5.738984576119489e-13,
        4.776230217525828e-13,
        4.448531551860432e-13,
        2.3613905964455557e-13,
        2.2807446038672575e-13,
        1.7229284730192306e-13,
        1.5071239483969577e-13,
        1.3530843492099876e-13,
        1.1392418758536624e-13,
        1.1104930137691664e-13,
        9.61946834138924e-14,
        7.866703614610553e-14,
        6.635891266388358e-14
      ]
    },
    "4": {
      "dcg@20": 6.5451495583022e-14,
      "ndcg@20": 0.5144578949398616,
      "model_scores": [
        5.460095532962444e-14,
        3.33416526254694e-14,
        2.0768288583966202e-14,
        1.3545503693483534e-14,
        1.0597595505459736e-14,
        8.508058530993833e-15,
        6.7934270650538675e-15,
        5.4635382341177616e-15,
        4.377401276331474e-15,
        4.0963108224741805e-15,
        3.442617459435927e-15,
        3.410520423359033e-15,
        3.2419801643570857e-15,
        2.6635622420402055e-15,
        2.5099004315882996e-15,
        2.4447906923412693e-15,
        2.3725608953208608e-15,
        2.2748446814788965e-15,
        1.983819299793023e-15,
        1.9733266577228282e-15
      ]
    },
    "5": {
      "dcg@20": 1.4512196668634116e-29,
      "ndcg@20": 0.2435418592841572,
      "model_scores": [
        5.403455972118615e-29,
        3.4768376861898314e-30,
        6.927321367034083e-31,
        2.2868203949678346e-31,
        1.680330284534046e-31,
        1.0079552299452332e-31,
        3.6343530226267517e-32,
        3.0620547691845063e-32,
        2.9937778842591124e-32,
        1.5379437756763005e-32,
        1.4088911990084104e-32,
        1.3356911091795288e-32,
        8.82066414752725e-33,
        5.0375447588037924e-33,
        4.018798496657152e-33,
        3.865819380445574e-33,
        2.8608429211394823e-33,
        2.5472245073808207e-33,
        2.206627769287484e-33,
        1.9573716015798387e-33
      ]
    },
    "6": {
      "dcg@20": 8.464035065459078e-16,
      "ndcg@20": 0.2543205967476689,
      "model_scores": [
        1.2045287969489681e-15,
        1.4074883149441106e-16,
        4.6895260124574065e-17,
        1.8483058572682836e-17,
        1.8230550884646112e-17,
        1.4041682273352594e-17,
        7.383175860406103e-18,
        5.649405317657227e-18,
        5.646267019730262e-18,
        3.3107837874243733e-18,
        2.9078070045564903e-18,
        1.5417559158607057e-18,
        1.3717571546308596e-18,
        1.3445855493918858e-18,
        1.0901163143889181e-18,
        5.498409816917976e-19,
        4.111458332238997e-19,
        4.045684846844794e-19,
        3.2171207713077236e-19,
        3.0289583415620753e-19
      ]
    },
    "7": {
      "dcg@20": 0.0,
      "ndcg@20": 0.0,
      "model_scores": [
        0.0,
        0.0,
        0.0,
        0.0,
        0.0,
        0.0,
        0.0,
        0.0,
        0.0,
        0.0,
        0.0,
        0.0,
        0.0,
        0.0,
        0.0,
        0.0,
        0.0,
        0.0,
        0.0,
        0.0
      ]
    },
    "8": {
      "dcg@20": 0.0,
      "ndcg@20": 0.0,
      "model_scores": [
        0.0,
        0.0,
        0.0,
        0.0,
        0.0,
        0.0,
        0.0,
        0.0,
        0.0,
        0.0,
        0.0,
        0.0,
        0.0,
        0.0,
        0.0,
        0.0,
        0.0,
        0.0,
        0.0,
        0.0
      ]
    },
    "9": {
      "dcg@20": 4.629067131400485e-31,
      "ndcg@20": 0.40638427104676517,
      "model_scores": [
        5.007024268807351e-31,
        3.418746051721002e-31,
        1.8166014782935742e-31,
        1.0207850540315621e-31,
        5.029679000587249e-32,
        4.0093616987488285e-32,
        2.4351059116570415e-32,
        2.2830503670119233e-32,
        2.2235051818877767e-32,
        1.895003818143495e-32,
        1.6052803794630164e-32,
        1.5480048946321315e-32,
        1.3605088375449906e-32,
        1.2588724357911768e-32,
        1.167007258694996e-32,
        1.0741846429388244e-32,
        1.0712854259912893e-32,
        1.0288349722456803e-32,
        8.5085692253026e-33,
        7.674987154116725e-33
      ]
    },
    "10": {
      "dcg@20": 1.5587324584152018e-05,
      "ndcg@20": 0.5219141363835558,
      "model_scores": [
        1.9498523766999687e-05,
        3.935553488982798e-06,
        2.185569726293558e-06,
        1.3373975194729115e-06,
        1.1809494180830697e-06,
        1.1040511987558602e-06,
        1.0864286901600392e-06,
        9.071652406508439e-07,
        8.3887440274258e-07,
        8.1845755429578e-07,
        8.144998267507069e-07,
        8.028665063909491e-07,
        7.915804493255135e-07,
        7.735008433469016e-07,
        7.398526877755968e-07,
        7.272499240525264e-07,
        6.976608266157521e-07,
        6.603106544414613e-07,
        6.138250505448896e-07,
        6.138250505448896e-07
      ]
    },
    "11": {
      "dcg@20": 5.906602554539131e-20,
      "ndcg@20": 0.5411246883158871,
      "model_scores": [
        5.0617434126388333e-20,
        3.6984230241203575e-20,
        2.7789431487379327e-20,
        9.066127890966156e-21,
        8.117299292776137e-21,
        7.939892646160442e-21,
        6.007162990967732e-21,
        5.170656504087178e-21,
        4.6171987785801204e-21,
        4.195008602272705e-21,
        3.269031581676449e-21,
        3.0926354895539232e-21,
        2.8909709258137033e-21,
        2.7485937507304687e-21,
        2.5349087688373625e-21,
        2.4482557186242126e-21,
        2.373090475067815e-21,
        1.9982294341984495e-21,
        1.9765645971929684e-21,
        1.957961447407163e-21
      ]
    },
    "12": {
      "dcg@20": 4.6463295557987665e-25,
      "ndcg@20": 0.3486887184318764,