{
  "ranking_by_F1": [
    "BIR_no_relevance",
    "BIR_with_relevance",
    "BM25",
    "ExtendedBIR_no_relevance",
    "ExtendedBIR_with_relevance",
    "LM_Dirichlet",
    "LM_JelinekMercer",
    "LM_Laplace",
    "LM_MLE",
    "LSI_k100",
    "VSM_Cosine"
  ],
  "models": {
    "BIR_no_relevance": {
      "mean_precision": 0.022458857696030978,
      "mean_recall": 1.0,
      "mean_f1_score": 0.04380297632602974,
      "mean_precision_at_5": 0.6866666666666669,
      "mean_precision_at_10": 0.5833333333333333,
      "mean_r_precision": 0.45891209013297973,
      "total_queries_evaluated": 30
    },
    "BIR_with_relevance": {
      "mean_precision": 0.022458857696030978,
      "mean_recall": 1.0,
      "mean_f1_score": 0.04380297632602974,
      "mean_precision_at_5": 0.20666666666666667,
      "mean_precision_at_10": 0.16999999999999998,
      "mean_r_precision": 0.12544087968225898,
      "total_queries_evaluated": 30
    },
    "BM25": {
      "mean_precision": 0.022458857696030978,
      "mean_recall": 1.0,
      "mean_f1_score": 0.04380297632602974,
      "mean_precision_at_5": 0.66,
      "mean_precision_at_10": 0.58,
      "mean_r_precision": 0.4963777896928822,
      "total_queries_evaluated": 30
    },
    "ExtendedBIR_no_relevance": {
      "mean_precision": 0.022458857696030978,
      "mean_recall": 1.0,
      "mean_f1_score": 0.04380297632602974,
      "mean_precision_at_5": 0.6333333333333334,
      "mean_precision_at_10": 0.61,
      "mean_r_precision": 0.5328864987634353,
      "total_queries_evaluated": 30
    },
    "ExtendedBIR_with_relevance": {
      "mean_precision": 0.022458857696030978,
      "mean_recall": 1.0,
      "mean_f1_score": 0.04380297632602974,
      "mean_precision_at_5": 0.28,
      "mean_precision_at_10": 0.23333333333333334,
      "mean_r_precision": 0.1847246422160215,
      "total_queries_evaluated": 30
    },
    "LM_Dirichlet": {
      "mean_precision": 0.022458857696030978,
      "mean_recall": 1.0,
      "mean_f1_score": 0.04380297632602974,
      "mean_precision_at_5": 0.46666666666666673,
      "mean_precision_at_10": 0.42000000000000004,
      "mean_r_precision": 0.33531459073812897,
      "total_queries_evaluated": 30
    },
    "LM_JelinekMercer": {
      "mean_precision": 0.022458857696030978,
      "mean_recall": 1.0,
      "mean_f1_score": 0.04380297632602974,
      "mean_precision_at_5": 0.48000000000000004,
      "mean_precision_at_10": 0.4333333333333334,
      "mean_r_precision": 0.3475582890113125,
      "total_queries_evaluated": 30
    },
    "LM_Laplace": {
      "mean_precision": 0.022458857696030978,
      "mean_recall": 1.0,
      "mean_f1_score": 0.04380297632602974,
      "mean_precision_at_5": 0.6666666666666666,
      "mean_precision_at_10": 0.5599999999999999,
      "mean_r_precision": 0.44278628718396335,
      "total_queries_evaluated": 30
    },
    "LM_MLE": {
      "mean_precision": 0.022458857696030978,
      "mean_recall": 1.0,
      "mean_f1_score": 0.04380297632602974,
      "mean_precision_at_5": 0.06666666666666667,
      "mean_precision_at_10": 0.06333333333333334,
      "mean_r_precision": 0.030892568392568393,
      "total_queries_evaluated": 30
    },
    "LSI_k100": {
      "mean_precision": 0.022458857696030978,
      "mean_recall": 1.0,
      "mean_f1_score": 0.04380297632602974,
      "mean_precision_at_5": 0.8466666666666666,
      "mean_precision_at_10": 0.7666666666666665,
      "mean_r_precision": 0.6234565640919965,
      "total_queries_evaluated": 30
    },
    "VSM_Cosine": {
      "mean_precision": 0.022458857696030978,
      "mean_recall": 1.0,
      "mean_f1_score": 0.04380297632602974,
      "mean_precision_at_5": 0.7333333333333335,
      "mean_precision_at_10": 0.6333333333333333,
      "mean_r_precision": 0.5117477746102185,
      "total_queries_evaluated": 30
    }
  }
}